                  epoch,             train/loss,  metrics/accuracy_top1,  metrics/accuracy_top5,               val/loss,                 lr/pg0,                 lr/pg1,                 lr/pg2
                      1,                0.34989,                0.54802,                 0.9774,                 1.5207,             0.00023698,             0.00023698,             0.00023698
                      2,                0.37009,                0.47458,                0.97175,                 1.5335,             0.00047028,             0.00047028,             0.00047028
                      3,                0.39897,                0.52542,                 0.9661,                 1.5277,             0.00069887,             0.00069887,             0.00069887
                      4,                0.42213,                0.48588,                 0.9548,                 1.5563,             0.00069279,             0.00069279,             0.00069279
